Workbook

Sheet Connector Tracker
A1: Item # | B1: Connector / App Name | C1: Target System | D1: Use Case Description | E1: Requested By / Business Sponsor | F1: Priority | G1: Overall Status | H1: Current Stage | I1: Owning Team (API/Data Owner) | J1: Team Contact | K1: API Details Received? (Y/N) | L1: Access/Permissions Requested Date | M1: Access/Permissions Approved Date | N1: API URI Intake Submitted Date | O1: API URI Intake Approved Date | P1: API URI Intake Ticket # | Q1: TDRC Submitted Date | R1: TDRC Approved Date | S1: TDRC Ticket # | T1: Implementation Start Date | U1: Implementation Complete Date | V1: Testing / UAT Complete Date | W1: Go-Live Date | X1: SOAR Engineer Assigned | Y1: Blockers / Notes
A2: 1 | B2: Example Connector A | C2: Example Target System | D2: Enrich alerts with reputation data | E2: SOC Analytics Lead | F2: High | G2: In Progress | H2: API URI Intake | I2: Platform Engineering | J2: Jane Doe | K2: Y | L2: 2026-06-01 | M2: 2026-06-10 | N2: 2026-06-12 | P2: URI-1042 | Y2: Waiting on intake board review
A3: 2 | B3: Example Connector B | C3: Example Target System 2 | D3: Automate case creation from ticketing system | E3: GSOC Manager | F3: Medium | G3: Not Started | H3: Use Case Identification | K3: N | Y3: Need to confirm sponsor
A4: 3 | B4: Example Connector C | C4: Example Target System 3 | D4: Pull threat intel indicators | E4: Threat Intel Team | F4: High | G4: Completed | H4: Go-Live | I4: Threat Intel Eng | J4: John Smith | K4: Y | L4: 2026-04-01 | M4: 2026-04-08 | N4: 2026-04-10 | O4: 2026-04-20 | P4: URI-0987 | Q4: 2026-04-22 | R4: 2026-05-02 | S4: TDRC-0456 | T4: 2026-05-05 | U4: 2026-05-20 | V4: 2026-05-25 | W4: 2026-05-27 | X4: R. Singh
A5: =IF(B5="","",ROW()-1)
A6: =IF(B6="","",ROW()-1)
A7: =IF(B7="","",ROW()-1)
A8: =IF(B8="","",ROW()-1)
A9: =IF(B9="","",ROW()-1)
A10: =IF(B10="","",ROW()-1)
A11: =IF(B11="","",ROW()-1)
A12: =IF(B12="","",ROW()-1)
A13: =IF(B13="","",ROW()-1)
A14: =IF(B14="","",ROW()-1)
A15: =IF(B15="","",ROW()-1)
A16: =IF(B16="","",ROW()-1)
... A60: =IF(B60="","",ROW()-1)

Sheet Process Guide
A1: SOAR Connector Onboarding — Process Guide
A3: Step | B3: Stage | C3: Description | D3: Tracker Column(s)
A4: 1 | B4: Use Case Identification | C4: Identify the business/security use case driving the need for a new connector. | D4: D, E
A5: 2 | B5: Team / API Contact | C5: Identify the owning team for the target system and get API details from them. | D5: I, J, K
A6: 3 | B6: API Access & Permissions | C6: Request API access with the right permissions/scopes from the owning team. | D6: L, M
A7: 4 | B7: API URI Intake | C7: Submit to the API URI Intake governing body for formal approval of the endpoint/connection. | D7: N, O, P
A8: 5 | B8: TDRC Approval | C8: Submit for Technical Design Review Committee (TDRC) approval once API URI Intake is approved. | D8: Q, R, S
A9: 6 | B9: Implementation | C9: Engage engineering team to build/configure the SOAR connector. | D9: T, X
A10: 7 | B10: Testing / UAT | C10: Validate connector functionality end-to-end before production use. | D10: V
A11: 8 | B11: Go-Live | C11: Connector is live in production SOAR environment. | D11: U, W
A14: Note: Update 'Current Stage' and 'Overall Status' on the Connector Tracker tab as each connector moves through these steps.

Sheet Dashboard
A1: Connector Onboarding Dashboard
A3: Status | B3: Count
A4: Not Started | B4: =COUNTIF('Connector Tracker'!G:G,"Not Started") -> 1
A5: In Progress | B5: =COUNTIF('Connector Tracker'!G:G,"In Progress") -> 1
A6: Blocked | B6: =COUNTIF('Connector Tracker'!G:G,"Blocked") -> 0
A7: Completed | B7: =COUNTIF('Connector Tracker'!G:G,"Completed") -> 1
A8: On Hold | B8: =COUNTIF('Connector Tracker'!G:G,"On Hold") -> 0
A10: Total Connectors Tracked | B10: =COUNTA('Connector Tracker'!B2:B60) -> 3
A13: By Stage
A14: Stage | B14: Count
A15: Use Case Identification | B15: =COUNTIF('Connector Tracker'!H:H,"Use Case Identification") -> 1
A16: Team/API Contact | B16: =COUNTIF('Connector Tracker'!H:H,"Team/API Contact") -> 0
A17: API Access & Permissions | B17: =COUNTIF('Connector Tracker'!H:H,"API Access & Permissions") -> 0
A18: API URI Intake | B18: =COUNTIF('Connector Tracker'!H:H,"API URI Intake") -> 1
A19: TDRC Approval | B19: =COUNTIF('Connector Tracker'!H:H,"TDRC Approval") -> 0
A20: Implementation | B20: =COUNTIF('Connector Tracker'!H:H,"Implementation") -> 0
A21: Testing | B21: =COUNTIF('Connector Tracker'!H:H,"Testing") -> 0
A22: Go-Live | B22: =COUNTIF('Connector Tracker'!H:H,"Go-Live") -> 1
